{"schemaVersion":"1.0","appDefinitionTemplate":{"id":"/providers/Microsoft.PowerApps/apps/","type":"Microsoft.PowerApps/apps","tags":{"primaryDeviceWidth":"640","primaryDeviceHeight":"1136","sienaVersion":"20200821T050917Z-3.20082.19.0","deviceCapabilities":"","supportsPortrait":"true","supportsLandscape":"false","primaryFormFactor":"Phone","publisherVersion":"3.20082.19","minimumRequiredApiVersion":"2.2.0","hasComponent":"false","hasUnlockedComponent":"false","isUnifiedRootApp":"false"},"properties":{"appVersion":"2020-08-21T05:09:17Z","lifeCycleId":"Published","createdByClientVersion":{"major":3,"minor":20082,"build":19,"revision":0,"majorRevision":0,"minorRevision":0},"minClientVersion":{"major":3,"minor":20082,"build":19,"revision":0,"majorRevision":0,"minorRevision":0},"backgroundColor":"rgba(0, 176, 240, 1)","backgroundImageUri":"/2117135698614432987/Ne690bb0b-566a-45c8-8bac-a8b5b2da976b-logoSmallFile","displayName":"Pickle","description":"","commitMessage":"","appUris":{"documentUri":{"value":"/2117135698614432987/Ne964deed-072b-4d6a-b076-49757d694241-document.msapp","readonlyValue":"/2117135698614432987/Ne964deed-072b-4d6a-b076-49757d694241-document.msapp"},"imageUris":[]},"createdTime":"0001-01-01T00:00:00Z","lastModifiedTime":"0001-01-01T00:00:00Z","sharedGroupsCount":0,"sharedUsersCount":0,"icons":{"smallIconUri":"/2117135698614432987/N1801c106-6802-4bfc-9134-0b522f930c25-small.png","mediumIconUri":"/2117135698614432987/N9e8c28be-785c-42ab-b328-62f29049e5d9-medium.png","largeIconUri":"/2117135698614432987/N21381f8b-5f73-40d2-a97a-e9e245ffedec-large.png","wideIconUri":"/2117135698614432987/Na734927f-cd3a-4f87-a21b-0d3da04d6bee-wide.png"},"connectionReferences":{},"databaseReferences":{},"almMode":"Environment","performanceOptimizationEnabled":true,"canConsumeAppPass":true},"isAppComponentLibrary":false,"appType":"ClassicCanvasApp","appComponents":[]}}