{"schemaVersion":"1.0","appDefinitionTemplate":{"id":"/providers/Microsoft.PowerApps/apps/","type":"Microsoft.PowerApps/apps","tags":{"primaryDeviceWidth":"640","primaryDeviceHeight":"1136","sienaVersion":"20201007T071831Z-3.20094.24.0","deviceCapabilities":"","supportsPortrait":"true","supportsLandscape":"false","primaryFormFactor":"Phone","publisherVersion":"3.20094.24","minimumRequiredApiVersion":"2.2.0","hasComponent":"false","hasUnlockedComponent":"false","isUnifiedRootApp":"false"},"properties":{"appVersion":"2020-10-07T07:18:31Z","lifeCycleId":"Published","createdByClientVersion":{"major":3,"minor":20094,"build":24,"revision":0,"majorRevision":0,"minorRevision":0},"minClientVersion":{"major":3,"minor":20094,"build":24,"revision":0,"majorRevision":0,"minorRevision":0},"backgroundColor":"rgba(0, 138, 0, 1)","backgroundImageUri":"/2117135698614432987/N471c0459-5cb8-49f2-bf4d-f1ab2accb5ac-logoSmallFile","displayName":"Pickle","description":"A prototype of my lunchtime buddy finder!","commitMessage":"","appUris":{"documentUri":{"value":"/2117135698614432987/Nd1832b76-09e5-47c5-8b21-d209a4c2ee30-document.msapp","readonlyValue":"/2117135698614432987/Nd1832b76-09e5-47c5-8b21-d209a4c2ee30-document.msapp"},"imageUris":[]},"createdTime":"0001-01-01T00:00:00Z","lastModifiedTime":"0001-01-01T00:00:00Z","sharedGroupsCount":0,"sharedUsersCount":0,"icons":{"smallIconUri":"/2117135698614432987/N6f3d29bf-d0bf-42d3-b5b1-dcb54f2ab4a3-small.png","mediumIconUri":"/2117135698614432987/Nef2fde72-9f25-4312-91a7-775dc07f8a51-medium.png","largeIconUri":"/2117135698614432987/Nc53319fe-786c-46e9-8e24-55851320d999-large.png","wideIconUri":"/2117135698614432987/N0e47a784-f976-4f27-8e2c-99d24a378275-wide.png"},"connectionReferences":{"b4c70d35-741e-446b-9351-21ca302efc92":{"id":"5aabbc85-8a2e-48e0-a7ef-9a362041c805","displayName":"Excel","iconUri":"https://connectoricons-prod.azureedge.net/excel/icon_1.0.1352.2014.png","dataSources":["Table2"],"dependencies":["ce9166fb-72b4-4a0e-9d5a-886077625ea3"],"dependents":[],"parameterHints":{"ce9166fb-72b4-4a0e-9d5a-886077625ea3":{"value":"fileSource"}},"isOnPremiseConnection":false,"bypassConsent":false,"dataSets":{"b!zA3m72JJp0KSqAv33gHlpiXVTh4bvh9CjXq-NOJpJWS5kwq-hkR6SJv-6UXZYcB7.01P4C7UALRFH3VBKF7NFBJD7ZKT4YWRO5H":{"dataSources":{"Table2":{"tableName":"Table2"}}}},"apiTier":"Standard","isCustomApiConnection":false},"ce9166fb-72b4-4a0e-9d5a-886077625ea3":{"id":"0a268404-919b-40ce-ae33-03145bc46125","displayName":"OneDrive for Business","iconUri":"https://connectoricons-prod.azureedge.net/onedriveforbusiness/icon_1.0.1341.1987.png","dataSources":[],"dependencies":[],"dependents":["b4c70d35-741e-446b-9351-21ca302efc92"],"parameterHints":{},"isOnPremiseConnection":false,"bypassConsent":false,"dataSets":{},"apiTier":"Standard","isCustomApiConnection":false},"dcce5c2c-80d8-415c-a013-fa141bc6cd3f":{"id":"5aabbc85-8a2e-48e0-a7ef-9a362041c805","displayName":"Excel","iconUri":"https://connectoricons-prod.azureedge.net/excel/icon_1.0.1352.2014.png","dataSources":["Table1"],"dependencies":["c2420ad6-6370-4b50-8328-4a76d29b3805"],"dependents":[],"parameterHints":{"c2420ad6-6370-4b50-8328-4a76d29b3805":{"value":"fileSource"}},"isOnPremiseConnection":false,"bypassConsent":false,"dataSets":{"b!zA3m72JJp0KSqAv33gHlpiXVTh4bvh9CjXq-NOJpJWS5kwq-hkR6SJv-6UXZYcB7.01P4C7UAMEHGMBSBKYW5AJS5A2T2UI5VAI":{"dataSources":{"Table1":{"tableName":"Table1"}}}},"apiTier":"Standard","isCustomApiConnection":false},"c2420ad6-6370-4b50-8328-4a76d29b3805":{"id":"0a268404-919b-40ce-ae33-03145bc46125","displayName":"OneDrive for Business","iconUri":"https://connectoricons-prod.azureedge.net/onedriveforbusiness/icon_1.0.1341.1987.png","dataSources":[],"dependencies":[],"dependents":["dcce5c2c-80d8-415c-a013-fa141bc6cd3f"],"parameterHints":{},"isOnPremiseConnection":false,"bypassConsent":false,"dataSets":{},"apiTier":"Standard","isCustomApiConnection":false},"ec2bb61d-15fb-49e6-9feb-912a3f0d3536":{"id":"90182317-f461-4ef6-a309-1ee28e992a26","displayName":"Logic flows","iconUri":"https://resourcestackdeploy.blob.core.windows.net/scripts/13276078.png","dataSources":["ClickabuttoninPowerAppstosendanemail"],"dependencies":["d875e07d-1db9-463a-841d-fb4bb644d6e8"],"dependents":[],"parameterHints":{"workflowName":{"value":"d47b5f6c-9f44-462c-9dc7-af2e442463e1"},"d875e07d-1db9-463a-841d-fb4bb644d6e8":{"value":"shared_office365"}},"isOnPremiseConnection":false,"bypassConsent":false,"dataSets":{},"apiTier":"Standard","isCustomApiConnection":false},"d875e07d-1db9-463a-841d-fb4bb644d6e8":{"id":"1a1e9e09-927f-4cf2-a772-c761d48af4df","displayName":"Office 365 Outlook","iconUri":"https://connectoricons-prod.azureedge.net/releases/v1.0.1400/1.0.1400.2155/office365/icon.png","dataSources":[],"dependencies":[],"dependents":["ec2bb61d-15fb-49e6-9feb-912a3f0d3536"],"parameterHints":{},"isOnPremiseConnection":false,"bypassConsent":false,"dataSets":{},"apiTier":"Standard","isCustomApiConnection":false}},"databaseReferences":{},"almMode":"Environment","performanceOptimizationEnabled":true,"canConsumeAppPass":true},"isAppComponentLibrary":false,"appType":"ClassicCanvasApp","appComponents":[]}}