{"schemaVersion":"1.0","appDefinitionTemplate":{"id":"/providers/Microsoft.PowerApps/apps/","type":"Microsoft.PowerApps/apps","tags":{"primaryDeviceWidth":"640","primaryDeviceHeight":"1136","sienaVersion":"20200821T050917Z-3.20082.19.0","deviceCapabilities":"","supportsPortrait":"true","supportsLandscape":"false","primaryFormFactor":"Phone","publisherVersion":"3.20082.19","minimumRequiredApiVersion":"2.2.0","hasComponent":"false","hasUnlockedComponent":"false","isUnifiedRootApp":"false"},"properties":{"appVersion":"2020-08-21T05:09:17Z","lifeCycleId":"Published","createdByClientVersion":{"major":3,"minor":20082,"build":19,"revision":0,"majorRevision":0,"minorRevision":0},"minClientVersion":{"major":3,"minor":20082,"build":19,"revision":0,"majorRevision":0,"minorRevision":0},"backgroundColor":"rgba(0, 176, 240, 1)","backgroundImageUri":"/2117135698614432987/N2de14fda-c4d4-4143-a63e-9e93eae5b29d-logoSmallFile","displayName":"Pickle","description":"","commitMessage":"","appUris":{"documentUri":{"value":"/2117135698614432987/Nfc96de06-8b73-4389-85d1-628f7ac7e546-document.msapp","readonlyValue":"/2117135698614432987/Nfc96de06-8b73-4389-85d1-628f7ac7e546-document.msapp"},"imageUris":[]},"createdTime":"0001-01-01T00:00:00Z","lastModifiedTime":"0001-01-01T00:00:00Z","sharedGroupsCount":0,"sharedUsersCount":0,"icons":{"smallIconUri":"/2117135698614432987/Nfa9bb221-0461-4c94-8d14-e6857e7215fe-small.png","mediumIconUri":"/2117135698614432987/N7e13e0f4-4a24-4b96-91c0-87d05a7d36b4-medium.png","largeIconUri":"/2117135698614432987/N365068ce-f08b-40d0-8d11-12f79ca94728-large.png","wideIconUri":"/2117135698614432987/Ne0c7ccae-dba6-45db-af06-0eca59bdc055-wide.png"},"connectionReferences":{},"databaseReferences":{},"almMode":"Environment","performanceOptimizationEnabled":true,"canConsumeAppPass":true},"isAppComponentLibrary":false,"appType":"ClassicCanvasApp","appComponents":[]}}