{"name":"650d3a41-43c4-4a27-b3a0-8f6365c1f956","id":"/providers/Microsoft.Flow/flows/650d3a41-43c4-4a27-b3a0-8f6365c1f956","type":"Microsoft.Flow/flows","properties":{"apiId":"/providers/Microsoft.PowerApps/apis/shared_logicflows","displayName":"Click a button in PowerApps to send an email","definition":{"metadata":{"workflowEntityId":null,"flowclientsuspensionreason":"None","flowclientsuspensiontime":null,"creator":{"id":"09513947-6f8b-4bbe-b129-2bfd7cf73d3d","type":"User","tenantId":"7be93ba7-4482-49d0-a512-7c6818096e33"},"provisioningMethod":"FromDefinition","failureAlertSubscription":true,"clientLastModifiedTime":"2020-09-13T09:14:15.8891552Z"},"$schema":"https://schema.management.azure.com/providers/Microsoft.Logic/schemas/2016-06-01/workflowdefinition.json#","contentVersion":"1.0.0.0","parameters":{"$connections":{"defaultValue":{},"type":"Object"},"$authentication":{"defaultValue":{},"type":"SecureObject"}},"triggers":{"manual":{"type":"Request","kind":"PowerApp","inputs":{"schema":{"type":"object","properties":{"Sendanemail_To":{"type":"string","format":"email","description":"Specify email addresses separated by semicolons like someone@contoso.com. This parameter is used as part of \"2EC99595-D0DF-4E3F-8CA6-36FCFCAC7E59\"","x-ms-powerflows-param-ispartial":true},"Sendanemail_Subject":{"type":"string","description":"Specify the subject of the mail","x-ms-powerflows-param-ispartial":false},"Sendanemail_Body":{"type":"string","format":"html","description":"Specify the body of the mail","x-ms-powerflows-param-ispartial":false}},"required":["Sendanemail_To","Sendanemail_Subject","Sendanemail_Body"]}}}},"actions":{"Send_an_email":{"runAfter":{},"metadata":{"flowSystemMetadata":{"swaggerOperationId":"SendEmailV2"}},"type":"ApiConnection","inputs":{"host":{"api":{"runtimeUrl":"https://australia-001.azure-apim.net/apim/office365"},"connection":{"name":"@json(decodeBase64(triggerOutputs().headers['X-MS-APIM-Tokens']))['$connections']['shared_office365']['connectionId']"}},"method":"post","body":{"To":"@{triggerBody()['Sendanemail_To']};","Subject":"@triggerBody()['Sendanemail_Subject']","Body":"@triggerBody()['Sendanemail_Body']"},"path":"/v2/Mail","authentication":{"type":"Raw","value":"@json(decodeBase64(triggerOutputs().headers['X-MS-APIM-Tokens']))['$ConnectionKey']"}}}},"outputs":{},"description":"Click a button in a PowerApps application to send a email to a specified email address."},"connectionReferences":{"shared_office365":{"connectionName":"shared-office365-d0bc0646-2e66-41d7-b9ee-8cac-f7e29c00","source":"Invoker","id":"/providers/Microsoft.PowerApps/apis/shared_office365","tier":"NotSpecified"}},"flowFailureAlertSubscribed":false}}